MSE,RMSE,MAE,R2,PLCC,SRCC
0.03727976167660675,0.19307967701601003,0.14099502750884363,0.8885380556920334,0.9427677901958688,0.9467258879296371
