MSE,RMSE,MAE,R2,PLCC,SRCC,Non_Zero_Coefficients
0.2791980335060107,0.5283919317192596,0.44562402514463434,0.459885562165368,0.6790607654000949,0.6860352610356639,7
