MSE,RMSE,MAE,R2,PLCC,SRCC
0.2626726370785478,0.5125159871443503,0.41191442502517167,0.4918542873362828,0.7058035534116338,0.6977927516964307
