MSE,RMSE,MAE,R2,PLCC,SRCC
0.2813398125502984,0.5304147552154808,0.4438893839100768,0.35284931280405796,0.5941719447051637,0.5416803650910268
