MSE,RMSE,MAE,R2,PLCC,SRCC
0.27928748368106365,0.5284765687152683,0.4460106317240526,0.4597125189300477,0.6789219038537726,0.6863436312591613
