MSE,RMSE,MAE,R2,PLCC,SRCC,Non_Zero_Coefficients
0.042295311953027305,0.20565824066403784,0.1497545611046021,0.8735421715865028,0.9348839098988858,0.9449109825071225,6
