MSE,RMSE,MAE,R2,PLCC,SRCC,Non_Zero_Coefficients
0.28127301032398067,0.5303517797876997,0.4438724382986216,0.3530029743362665,0.5942913600208073,0.5418769711836691,7
