MSE,RMSE,MAE,R2,PLCC,SRCC
0.04233704405404585,0.20575967548099858,0.14976564033961487,0.8734173976901476,0.9348492371682104,0.9448037250031164
