MSE,RMSE,MAE,R2,PLCC,SRCC
0.04230930043577251,0.20569224690243557,0.1497721123459947,0.8735003477278036,0.9348664088571157,0.9448526211850149
