MSE,RMSE,MAE,R2,PLCC,SRCC
0.2560906039026894,0.5060539535491145,0.4131429726433805,0.41092869580831226,0.6411237984554936,0.557896794025827
