MSE,RMSE,MAE,R2,PLCC,SRCC,Non_Zero_Coefficients
0.281022728406667,0.53011576887192,0.43580853836342215,0.3257723861478137,0.5716612859980292,0.4801957488976818,7
