MSE,RMSE,MAE,R2,PLCC,SRCC
0.05135219733094998,0.22661023218502288,0.1754168619715823,0.7638124411687112,0.8741544760826034,0.5301331545688472
