MSE,RMSE,MAE,R2,PLCC,SRCC
0.17064902222602893,0.41309686784824323,0.29682353216794705,0.5268407425361785,0.7269641644898215,0.6856849920420052
