MSE,RMSE,MAE,R2,PLCC,SRCC
0.11840518246232222,0.3441005412118996,0.26284195004325484,0.4554112101860497,0.6756594395414925,0.5235949919318277
