MSE,RMSE,MAE,R2,PLCC,SRCC
0.192372952305723,0.4386034111879694,0.3367477504707673,0.33648501244309903,0.5898628402988915,0.5690685922384319
