MSE,RMSE,MAE,R2,PLCC,SRCC,Non_Zero_Coefficients
0.22151217918183047,0.4706508038682506,0.3664901645070749,0.16057497138535282,0.41748514708600726,0.3477643404182336,7
