MSE,RMSE,MAE,R2,PLCC,SRCC
0.029780679921452044,0.17257079683843396,0.12920073432921125,0.832839878858243,0.9127142880218255,0.7750842537674556
