MSE,RMSE,MAE,R2,PLCC,SRCC
0.15839891731834732,0.3979936146703202,0.28596525629739433,0.5608066596352831,0.749136399581854,0.6993136237845846
