MSE,RMSE,MAE,R2,PLCC,SRCC
0.03433700080106237,0.18530245762283448,0.14089008778816448,0.8072650715601816,0.9014065766498953,0.781072700430286
