MSE,RMSE,MAE,R2,PLCC,SRCC
0.24600702752385226,0.49599095508270336,0.4060967271237881,0.5240942577356879,0.725610646919066,0.7157480394955795
