MSE,RMSE,MAE,R2,PLCC,SRCC
0.26030904387101605,0.5102049038092598,0.40902990772761233,0.40122524751334565,0.6354538309458253,0.5549137347487542
