MSE,RMSE,MAE,R2,PLCC,SRCC
0.28127687392179657,0.5303554222611442,0.443838749212782,0.35299408711209823,0.5942770550040144,0.5417466977658999
