MSE,RMSE,MAE,R2,PLCC,SRCC
0.19003063966728473,0.43592503904603225,0.329564739166891,0.2798749227714946,0.5294546564333928,0.37937137990777503
