MSE,RMSE,MAE,R2,PLCC,SRCC
0.251447556068478,0.5014454666945131,0.41065408350684357,0.4216088465106105,0.6495497659201918,0.5649700504759849
