MSE,RMSE,MAE,R2,PLCC,SRCC,Non_Zero_Coefficients
0.11840771338697806,0.3441042187869513,0.26282985085481103,0.4553995695368249,0.6756592476194789,0.5237089885778783,7
