MSE,RMSE,MAE,R2,PLCC,SRCC
0.036965198012429305,0.19226335587529234,0.14160226109232946,0.8894785627135645,0.9431431192521083,0.9474528445017658
