MSE,RMSE,MAE,R2,PLCC,SRCC
0.03631703134244857,0.19057027927368048,0.13869544236193837,0.8914165020678552,0.9442320835354335,0.9478896071993004
