MSE,RMSE,MAE,R2,PLCC,SRCC
0.028609240688736905,0.16914266371538822,0.12614124554968226,0.8394152130872581,0.9162079509165408,0.784479177762991
