MSE,RMSE,MAE,R2,PLCC,SRCC
0.16257103751135468,0.40320098897616147,0.29704412502404215,0.5492386045311731,0.7460819256235424,0.6988453590235171
