MSE,RMSE,MAE,R2,PLCC,SRCC
0.04690184397535273,0.21656833557875613,0.1670801579991907,0.7842812458085788,0.8858981633100231,0.5479423105023642
