MSE,RMSE,MAE,R2,PLCC,SRCC
0.03607417652576262,0.1899320313316388,0.13866525911221025,0.8921426083741988,0.9446040541180902,0.9486906955251034
