MSE,RMSE,MAE,R2,PLCC,SRCC
0.04744076862211961,0.2178090186886659,0.16895834953452754,0.7818025340235006,0.8847321011989473,0.5481842805915124
