MSE,RMSE,MAE,R2,PLCC,SRCC,Non_Zero_Coefficients
0.20764612256327797,0.45568204108048627,0.34970353991158626,0.42425872773447193,0.6525317130391726,0.6548305845912991,7
