MSE,RMSE,MAE,R2,PLCC,SRCC
0.06482018597473321,0.2545980871387945,0.19613779768582043,0.7018682299085337,0.8431682563109961,0.525145710036509
