MSE,RMSE,MAE,R2,PLCC,SRCC
0.1928578296871443,0.4391558148165003,0.3581716875050348,0.3348126182429565,0.5885029717270179,0.5703112049052035
