MSE,RMSE,MAE,R2,PLCC,SRCC
0.19698127360321097,0.4438257243594731,0.3565723956803955,0.32059041701420743,0.5725409806574263,0.5502182012524919
