MSE,RMSE,MAE,R2,PLCC,SRCC
0.21499188293670682,0.4636721718377186,0.3459456815656205,0.18528377016271524,0.4341134537783903,0.33022920013318663
