MSE,RMSE,MAE,R2,PLCC,SRCC
0.2553790784488589,0.5053504511216537,0.40546075822146893,0.5059638291178641,0.7120793426164365,0.6995784333461758
