MSE,RMSE,MAE,R2,PLCC,SRCC
0.028729783237662256,0.1694986231143553,0.12625408075595548,0.8387386030456391,0.9160794353633516,0.7750900246788269
