MSE,RMSE,MAE,R2,PLCC,SRCC
0.26476926896296477,0.5145573524525374,0.405560651712871,0.3647675636542842,0.6070142824307647,0.47967534018790786
