MSE,RMSE,MAE,R2,PLCC,SRCC
0.22158288954777916,0.47072591765036603,0.3665678809551896,0.16030701297702032,0.4173222620445281,0.34761320697483217
