MSE,RMSE,MAE,R2,PLCC,SRCC
0.1569882182474614,0.3962173876137459,0.2831663097374078,0.5647181108477088,0.7517563354852563,0.7004841327110785
