MSE,RMSE,MAE,R2,PLCC,SRCC
0.21009986007241213,0.458366512817431,0.34528888860867624,0.2038221929619114,0.4672083362890361,0.3334894038175664
