MSE,RMSE,MAE,R2,PLCC,SRCC
0.19763303368477364,0.44455937025865694,0.3614410955022015,0.3183424264457575,0.5763650334948248,0.5574889701045285
