MSE,RMSE,MAE,R2,PLCC,SRCC
0.1896144480737659,0.435447411375663,0.34876609893637556,0.3459993900060836,0.6035210645046165,0.5916742923963912
