MSE,RMSE,MAE,R2,PLCC,SRCC
0.0290398823743589,0.17041092210993666,0.12841357417449498,0.8369980044631726,0.914949032801526,0.7802282146305005
