MSE,RMSE,MAE,R2,PLCC,SRCC
0.2510684260605474,0.5010672869590943,0.404440906963755,0.3976385227764694,0.6329745621930365,0.49809883603628274
