MSE,RMSE,MAE,R2,PLCC,SRCC
0.06741114154343987,0.25963655663916024,0.20533473583973558,0.6216186260210772,0.7884993722101544,0.7323061786549175
