MSE,RMSE,MAE,R2,PLCC,SRCC
0.27935884795660637,0.52854408326705,0.44655048725008983,0.45957446324576434,0.6787786134229192,0.6860919446440844
