MSE,RMSE,MAE,R2,PLCC,SRCC
0.2491439067693317,0.49914317261616603,0.4030355554042262,0.4022558149680503,0.6356851636219543,0.5038181684510231
