MSE,RMSE,MAE,R2,PLCC,SRCC
0.17496695805213117,0.41829051872129636,0.31353104075316723,0.514868383816485,0.726637754207035,0.6966995222563924
