MSE,RMSE,MAE,R2,PLCC,SRCC
0.20850467745837586,0.4566231240951074,0.32583895288176173,0.20986717078831718,0.4913985944544358,0.33254383239114316
