MSE,RMSE,MAE,R2,PLCC,SRCC
0.06743927137550619,0.2596907225441567,0.20510158315787205,0.6214607321735122,0.7883642733354114,0.7319322674104245
