MSE,RMSE,MAE,R2,PLCC,SRCC
0.20742256946433626,0.45543667997245924,0.34930213444352154,0.4248785743466541,0.6527183538769729,0.6546416022877575
