MSE,RMSE,MAE,R2,PLCC,SRCC
0.22154666012411764,0.4706874335736165,0.36652798569697054,0.16044430513452645,0.41751823239664365,0.3477210558000435
