MSE,RMSE,MAE,R2,PLCC,SRCC
0.03869038901356087,0.19669872651738463,0.1469638455516732,0.8843204518609031,0.9410293000738883,0.943824779409204
