MSE,RMSE,MAE,R2,PLCC,SRCC
0.2606001234620144,0.5104900816490114,0.42318226424269084,0.49586360829331777,0.7050651993434961,0.6993161222289107
