MSE,RMSE,MAE,R2,PLCC,SRCC
0.11840632026235125,0.3441021945038294,0.2628344896233702,0.4554059770270953,0.6756606448950639,0.5235759406598213
