MSE,RMSE,MAE,R2,PLCC,SRCC,Non_Zero_Coefficients
0.19314753849784108,0.4394855384399367,0.35797556330746905,0.33381338141875316,0.5879675895781956,0.5710342005753672,3
