MSE,RMSE,MAE,R2,PLCC,SRCC
0.25396888230118514,0.5039532540833377,0.41557814408509847,0.4158091767470222,0.6459344109608112,0.5627063924591009
