MSE,RMSE,MAE,R2,PLCC,SRCC
0.2523532245510377,0.5023477127956668,0.40176011509847026,0.5118174067970072,0.7162471329266994,0.7076783160365064
