MSE,RMSE,MAE,R2,PLCC,SRCC
0.2657297812339785,0.5154898459077332,0.42195874912397574,0.38875621983557007,0.6236651340119813,0.5489248012445797
