MSE,RMSE,MAE,R2,PLCC,SRCC
0.2615274531566658,0.5113975490327127,0.41432326215786647,0.3725453037254228,0.6183550840747867,0.4962569629551435
