MSE,RMSE,MAE,R2,PLCC,SRCC
0.26671653546073965,0.5164460624893364,0.41501041981639847,0.36009569653601625,0.6001788804188772,0.47600225372711974
