MSE,RMSE,MAE,R2,PLCC,SRCC
0.19442660858282315,0.4409383274141897,0.3599757218710689,0.3294017312291124,0.5843828094681287,0.5661494532070596
