MSE,RMSE,MAE,R2,PLCC,SRCC
0.19741846086479775,0.44431797270062995,0.33526649186929414,0.25187862007144446,0.5075457234266171,0.35103845503383346
