MSE,RMSE,MAE,R2,PLCC,SRCC
0.1839498802690244,0.4288937866990199,0.34439069471845757,0.36553709315733096,0.6238286662216328,0.6017262040148155
