MSE,RMSE,MAE,R2,PLCC,SRCC,Non_Zero_Coefficients
0.06742810390764757,0.25966922017760896,0.20510339369471794,0.6215234156073697,0.7884014121797205,0.7320217268052073,7
