MSE,RMSE,MAE,R2,PLCC,SRCC
0.049686680448395575,0.22290509291713273,0.17167121872295696,0.7714727631632626,0.8787693251548738,0.5653450753408171
