MSE,RMSE,MAE,R2,PLCC,SRCC
0.28102066163417894,0.530113819508772,0.435812149549281,0.32577734473280395,0.5716603081013198,0.4801714040688192
